{"cameraMode":{"drawMode":0,"name":"Shaded","section":"Shading Mode"},"sceneLighting":true,"audioPlay":false,"sceneViewState":{"m_AlwaysRefresh":false,"showFog":true,"showSkybox":true,"showFlares":true,"showImageEffects":true,"showParticleSystems":true,"showVisualEffectGraphs":true,"m_FxEnabled":true},"in2DMode":false,"pivot":{"x":-2.234433889389038,"y":6.117705345153809,"z":23.662799835205079},"rotation":{"x":0.0020659968722611667,"y":0.994785487651825,"z":-0.10062824189662934,"w":0.021992800757288934},"size":0.4954463541507721,"orthographic":false}