{"cameraMode":{"drawMode":0,"name":"Shaded","section":"Shading Mode"},"sceneLighting":false,"audioPlay":false,"sceneViewState":{"m_AlwaysRefresh":false,"showFog":true,"showSkybox":false,"showFlares":true,"showImageEffects":true,"showParticleSystems":true,"showVisualEffectGraphs":true,"m_FxEnabled":true},"in2DMode":false,"pivot":{"x":0.004820861853659153,"y":0.054755862802267078,"z":0.1903195083141327},"rotation":{"x":0.009609813801944256,"y":-0.9901361465454102,"z":0.08666945993900299,"w":0.10977960377931595},"size":0.036197155714035037,"orthographic":false}