{"cameraMode":{"drawMode":0,"name":"Shaded","section":"Shading Mode"},"sceneLighting":false,"audioPlay":false,"sceneViewState":{"m_AlwaysRefresh":false,"showFog":true,"showSkybox":false,"showFlares":true,"showImageEffects":true,"showParticleSystems":true,"showVisualEffectGraphs":true,"m_FxEnabled":true},"in2DMode":false,"pivot":{"x":-0.34919387102127077,"y":1.694132924079895,"z":0.28770744800567629},"rotation":{"x":0.17479610443115235,"y":0.7783966660499573,"z":-0.24746674299240113,"w":0.5498352646827698},"size":2.883838653564453,"orthographic":false}