{"cameraMode":{"drawMode":0,"name":"Shaded","section":"Shading Mode"},"sceneLighting":false,"audioPlay":false,"sceneViewState":{"m_AlwaysRefresh":false,"showFog":true,"showSkybox":false,"showFlares":true,"showImageEffects":true,"showParticleSystems":true,"showVisualEffectGraphs":true,"m_FxEnabled":true},"in2DMode":false,"pivot":{"x":0.00958891212940216,"y":0.7444742321968079,"z":0.08950738608837128},"rotation":{"x":0.010111426934599877,"y":-0.9825074076652527,"z":0.177575945854187,"w":0.05579860135912895},"size":0.4889788031578064,"orthographic":false}