{"cameraMode":{"drawMode":0,"name":"Shaded","section":"Shading Mode"},"sceneLighting":false,"audioPlay":false,"sceneViewState":{"m_AlwaysRefresh":false,"showFog":true,"showSkybox":false,"showFlares":true,"showImageEffects":true,"showParticleSystems":true,"showVisualEffectGraphs":true,"m_FxEnabled":true},"in2DMode":false,"pivot":{"x":-2.4750001430511476,"y":3.9381637573242189,"z":10.453425407409668},"rotation":{"x":0.17479610443115235,"y":0.7783966660499573,"z":-0.24746674299240113,"w":0.5498352646827698},"size":0.6431625485420227,"orthographic":false}