{"cameraMode":{"drawMode":0,"name":"Shaded","section":"Shading Mode"},"sceneLighting":false,"audioPlay":false,"sceneViewState":{"m_AlwaysRefresh":false,"showFog":true,"showSkybox":false,"showFlares":true,"showImageEffects":true,"showParticleSystems":true,"showVisualEffectGraphs":true,"m_FxEnabled":true},"in2DMode":false,"pivot":{"x":-0.8148676156997681,"y":3.0462217330932619,"z":10.744552612304688},"rotation":{"x":0.051695216447114947,"y":-0.9420400857925415,"z":0.1717316061258316,"w":0.2837424874305725},"size":2.480057716369629,"orthographic":false}