{"cameraMode":{"drawMode":0,"name":"Shaded","section":"Shading Mode"},"sceneLighting":true,"audioPlay":false,"sceneViewState":{"m_AlwaysRefresh":false,"showFog":true,"showSkybox":false,"showFlares":true,"showImageEffects":true,"showParticleSystems":true,"showVisualEffectGraphs":true,"m_FxEnabled":true},"in2DMode":false,"pivot":{"x":-0.496493935585022,"y":-0.1257375329732895,"z":-1.052247405052185},"rotation":{"x":-0.0024620196782052519,"y":0.9968045949935913,"z":-0.07370644062757492,"w":-0.032993584871292117},"size":1.1841295957565308,"orthographic":false}