{"cameraMode":{"drawMode":0,"name":"Shaded","section":"Shading Mode"},"sceneLighting":false,"audioPlay":false,"sceneViewState":{"m_AlwaysRefresh":false,"showFog":true,"showSkybox":false,"showFlares":true,"showImageEffects":true,"showParticleSystems":true,"showVisualEffectGraphs":true,"m_FxEnabled":true},"in2DMode":false,"pivot":{"x":-0.24050381779670716,"y":-0.13635019958019257,"z":0.4518222212791443},"rotation":{"x":-0.0730850100517273,"y":0.13389214873313905,"z":-0.009841037914156914,"w":-0.9882908463478088},"size":0.572647750377655,"orthographic":false}